PC1,PC2,target
-0.7011955652545808,-1.1993699240159126,1
5.152722898988923,-0.23623473274168094,2
-4.813864782708871,0.6297997585431203,0
4.932759985608024,-0.2120052872878745,2
-4.083327269336083,0.03607488658158989,0
4.586684252315384,0.1526045625127515,2
4.7887268977479325,0.33782421822383774,2
4.176540310516138,-0.13082448748130204,2
4.6598031171500445,0.4960090121133408,2
1.9338856857154603,0.7825792465002251,1
4.612497061023136,0.2718662545732711,2
4.439157256661858,0.23635219890391929,2
4.0384937318445715,0.461104851362991,2
-0.11369946820470023,-1.9616531253683904,1
4.304520308130533,0.38349348587427506,2
-0.424571231802165,-1.1062049545619888,1
-4.179960499459692,0.28262161811589154,0
-4.222434659413472,0.20381662373288761,0
-4.629994443388181,0.18584705874109553,0
-0.800603347063459,-1.427519366755258,1
-4.643811395134399,0.28286248729080604,0
-0.7064573529417957,-1.4885394279167268,1
-4.584958712775799,0.18635492409227467,0
-0.9710953651927106,1.661570624549602,0
5.034691271223959,0.034218432322969214,2
-0.585177668053892,-1.605864623670206,1
-4.209012255811983,0.23269400405041774,0
5.142940268881008,-0.18698555458644095,2
-5.10516823234431,0.5430041992876968,0
-0.5175453737657655,-1.089458404761061,1
-0.6207645698958673,-0.9986561667327993,1
-4.912223616302259,0.4037014164454259,0
-3.9706861950178594,0.2228400235178853,0
-0.8397026680291089,-0.9244353122971831,1
1.0650729269889574,1.3495618286577569,2
-4.101093567025655,0.12854335276781126,0
-0.4073844742900231,-1.344141710907452,1
-4.304897088911867,0.3154141573201871,0
1.1557664051341334,0.4942160441015873,0
-0.3458549793929781,-1.3740013705321317,1
-4.709658115691961,0.3346852292834333,0
1.093115437572095,1.0050358110290105,1
-0.9245431283256593,-1.5401450470350027,1
0.8517625020827257,2.2083682684362533,1
-5.111168105401165,0.7027222688260887,0
0.5050287747538944,1.3768162821292411,2
-4.571758574552852,0.5399233564305481,0
-4.58274538613535,0.4043493214359393,0
-0.20504179038160836,-1.1246646159519158,1
0.12777265283734562,1.5222310677635513,2
-0.15638641655145893,-1.5258271542208979,1
-4.2317755968822715,0.11248841584747489,0
5.265200989386658,0.36063686928029465,2
0.3852101697392888,0.7833355651105464,2
-4.716039902245031,0.6117502925923899,0
4.471719954558144,0.38289816082796163,2
3.968057200139751,0.23764738661073534,2
4.99928223408806,-0.13487299145421713,2
-0.20939324338374893,-1.2360955585141054,1
-4.478740498602532,0.35829957343589813,0
4.715542282326947,0.06985583488685614,2
0.827285258854981,1.2690490208917617,0
4.607513131638255,0.004861920357899164,2
-4.891249935214881,0.44745575397678977,0
-4.81016744720797,0.3419778582802478,0
-4.439336167942189,0.40005889597384153,0
-4.394252759958217,0.42392257390865645,0
-0.7727237200184459,-1.0576556092002019,1
-0.1064036482378094,-1.768453886372615,1
-0.002747500830698746,-1.72235685594327,1
4.27774343354118,-0.05172368452063038,2
3.9719787620029674,0.1309723684996986,2
-3.7801395146927943,0.13688878962027673,0
0.11025747009898379,-1.5897009509637343,1
1.9412868965703696,0.6684853472142182,2
-3.9902287344369762,0.10527393362361485,0
-0.26921019696256304,-2.1046992733121663,1
-0.7616404149442824,-1.9260922778243046,1
0.573839849102235,1.1053261954170683,0
-0.4120210388229424,-1.1656954613298953,1
-4.754995819762214,0.36365623251343826,0
0.4506984913397133,-2.34891518052967,1
-4.580073959942017,0.20610963952768743,0
-1.118685694910148,-0.979688046916968,1
-0.2567992929465891,-1.5910760728181286,1
5.0069597989766494,0.4096609334949653,2
4.791892291649418,0.1806004996291978,2
-4.227714836030494,0.3975950571698316,0
-2.113759729260651,2.038956236868226,0
-4.51057211561241,0.22861500627368433,0
3.916635730312036,0.7108686065527376,2
4.139589868587868,0.045171130828070324,2
1.5341985620785021,1.4752587367029373,0
-5.076374880980657,0.5993070545286526,0
1.9890166761868266,1.4774396818864095,1
-4.780193337189184,0.6159255078930514,0
5.169500955556385,-0.0017249778227843675,2
-0.6574198545304498,-2.0471600587148364,1
3.5374018734435273,0.6470943843233516,2
0.2736907601153066,1.464271902246603,1
-4.150883348657955,0.29729648696137106,0
0.15765173188463916,2.0521225666616605,2
-4.496572830484053,0.4843596290079092,0
0.13260990405983977,-1.0693264851590274,1
-4.188361747111969,0.2569031132434477,0
-4.149667994187315,0.26359012253871894,0
5.499793149667855,-0.022645320930750234,2
1.5863674573045057,2.1703326464786064,2
4.638752078193384,0.377480628183069,2
-4.454214834632291,0.332590270882885,0
4.530596544616939,0.31426493893159274,2
-0.4222111757847555,1.519630948023499,0
0.09562069109722951,-2.040392329850511,1
4.556770374879051,-0.10907248112661629,2
0.8691266654706071,1.2521412972844406,0
0.0052147969334662425,-1.588717340658548,1
4.61316864029531,0.43720410202448007,2
-4.823982086628233,0.6210641264051413,0
-4.306945250073147,0.5288043388807498,0
-4.700194609909319,0.7433964007630318,0
-0.3496846892444074,-1.2249747583674349,1
0.9302590721495897,1.2309415038757512,2
-4.378594738793238,0.3248938664516434,0
0.4435928262400086,1.3053466292079177,2
4.828022586510961,0.4607489688277436,2
-0.025444051941720947,-1.6356062189663614,1
-0.6010456496739844,-1.2459345977009981,1
3.8947149626646933,0.30758998634834683,2
-0.47083122487430146,-2.0307208276163218,1
-0.6698531521389397,-1.5238516721152957,1
1.505357616700003,1.2834390123908719,2
4.7462262314567365,0.15457151433515653,2
0.9598902256960684,0.9293470739690054,1
4.436763127344564,0.4791584355617345,2
-0.7946099848487771,-0.9794117901790624,1
-4.411849603977835,0.24251359757398633,0
4.494892281547523,-0.09642171584682512,2
4.534038571111556,0.5040696901171325,2
-0.26745732989891935,-1.333716282397856,1
-0.44573130713324205,-1.5573642729342283,1
-0.26217506347242947,1.83281993279867,1
4.155395133581354,0.5589125104405305,2
-1.315893317238406,-0.9299032500958416,1
-4.667258342663889,0.46353723123304025,0
-0.3083124508528443,-1.1621381057963542,1
4.3588544910303115,0.0500561999643168,2
4.464518293844226,-0.006498668466756643,2
-0.12270531988778659,1.692440861845673,1
5.484642303722557,0.36129067141234555,2
4.544646399532947,0.09800919249271985,2
5.060507510599,-0.08887318809727751,2
0.502756398116434,-1.7181976411524607,1
-5.241564523600232,0.7751989711737872,0
4.967221450941571,0.4105951405407205,2
4.880049756186736,0.41615288390715305,2
4.466639634295918,0.16917632154546267,2
-4.5060222335579905,0.33265504639162974,0
-4.502907782817315,0.3773485775418353,0
-0.5973266704184197,-1.3428425063503462,1
1.066520206001172,1.0376093543009715,2
-4.863706471177851,0.3330670774891559,0
3.206956337299049,0.5014834404641302,1
4.425723974625901,0.24596646795209448,2
-0.2450194719411013,1.6639236521011231,1
-0.2403880913585405,-1.7917763228117765,1
0.8382714256280683,0.6300377341554505,0
4.589439940788564,0.0006090976426314405,2
-0.66828619527598,2.769570404633695,1
-4.537264911506547,0.32119933238476317,0
-0.8807287523835091,-1.6858936657204269,1
0.022018347991853468,-2.0248041832025225,1
5.053741662722252,0.09525000495792134,2
0.16291114755656277,-1.7836500388639123,1
-4.437955270259883,0.21483758373988618,0
4.49801466432608,0.24730614270003878,2
0.2398664814576177,1.7263431409466397,2
3.778999467023908,0.2875107727086306,2
4.723310208961852,0.16739447906874022,2
-4.157011226566189,0.181659984683938,0
-5.061442969402454,0.33712021388582264,0
-0.4579435692462939,-1.4539149642445335,1
-0.3368126234260806,-1.0981198456819772,1
-4.217171101148427,0.3439184405086578,0
-0.2531888619035174,-1.0967896015829046,1
2.347974392052306,0.39625990806485484,0
-4.284066442786093,0.37733031290653984,0
4.153625437489914,0.07148066530434191,2
-4.3203124858275626,0.4226299626177057,0
5.0065642350476764,0.22100867082972306,2
-4.207718306114283,0.4690843625679516,0
-0.48480825923772436,-1.9744596418833575,1
-0.3589901716883621,-1.5432981463904056,1
-4.085082362029506,0.28687709766915875,0
-0.36397431027347804,1.3417438108689004,0
-4.312803800415608,0.36788142680588903,0
-0.8634220886893922,1.7599515992081556,2
-0.1423850912909302,-2.1777850765159137,1
-4.263630613297769,0.14919593987545157,0
4.293867647304922,0.2725787275089468,2
-0.6754637762561608,-2.055441387056785,1
-0.8538367040763486,-1.5707129078069362,1
-4.478472592935741,0.2544095050994646,0
0.03433331667799994,-1.2012326814758802,1
-4.514968284094584,0.24965435059692723,0
-4.728848044942448,0.5227936825978807,0
-4.928209325745615,0.6189103694184239,0
-1.189927524860957,-1.6972038305468549,1
4.465425132405016,-0.020485655182728154,2
-0.6250561694097734,-1.644344152686846,1
-1.1108126597646937,2.1501972743351727,2
0.10189341556989509,0.47345139183631346,2
-4.398434089754678,0.37369152787924126,0
0.8247798550433848,1.4118051207684805,2
4.40207479072291,0.31230976133518434,2
-0.155505294409243,2.1591783547744154,1
0.6728439924068248,-1.6498370930349988,1
3.967183995004282,0.5105595715068757,2
4.530725808912672,-0.16696833762324692,2
-4.457143742624027,0.38990399899938716,0
-4.467496420489163,0.2918833553485067,0
-5.052804687737591,0.78378857209146,0
-0.30578490571342354,-1.5760783993306293,1
-4.18571573901176,0.4638272876337302,0
-0.6561550249385446,-1.6263514812057092,1
4.603174910462369,0.024123725318824066,2
1.7949373119387857,0.8645747939670112,2
-4.372833244216788,0.4104761365426819,0
4.998909593733966,-0.03195942287361277,2
-4.5346834058923875,0.46261706716993356,0
1.7446697447291717,0.6139828490459994,0
-4.73915595832854,0.5837508511811663,0
-0.07704539976471508,-1.5849122098606359,1
3.9484648992173463,0.35584518069314935,2
-0.06951815708963834,-1.523742810442424,1
4.995020353106758,0.332061872535532,2
0.8494043108205102,0.6650470005607116,0
-0.3701746573275661,-1.1147234568044027,1
-0.5879558845604774,-1.6469249380722681,1
-0.7190656566623677,-1.9232519489728288,1
-4.945818634898547,0.6442187684020653,0
4.042892379505986,0.39408961309636964,2
-4.957545964358289,0.6430765366607684,0
-3.876188354182047,0.055628923667121175,0
-3.95264940530328,0.2681090935542483,0
-4.868454582798443,0.47859837212742057,0
1.0567744586612495,2.4941183473173036,1
-0.15210201672558163,-1.186941824300687,1
-0.34924819356817005,-0.9910079919277073,1
4.078866751030445,0.32813698150265885,2
-0.6227211237254202,-1.5641990501776144,1
0.4840588624634061,-1.6461717228512645,1
2.6146178078524676,0.4422892378992105,1
0.43450775805807645,0.8299128229062268,2
-0.1788716870504869,-2.1067105319738517,1
-4.106997266731305,0.31472208060816054,0
0.32384128538688195,-1.2097513548232681,1
-4.29458226541105,0.3490090597636604,0
4.919935718277723,0.18311381713187494,2
-0.22989962143560672,-2.21001128463255,1
-4.136042907147532,0.4225331500645448,0
-0.8521830764673951,1.9289518739855787,0
-0.8471894979214559,-1.5537441205985794,1
0.126559912055322,-1.116453515710121,1
4.497247551151343,0.6938087733757529,2
0.5519511860010811,2.138425516687455,0
-0.3278681966618575,-1.7094107650012813,1
-0.9572145371322252,-1.5783771721135973,1
4.80701835594401,-0.1339508146729611,2
-0.9116645383081379,-1.8953599262012828,1
-4.670483332499696,0.6828474845648738,0
-0.49157087868150445,-1.0432989091730451,1
-0.47648927848427863,-1.261824495852812,1
5.03219458414387,0.13783063490814126,2
-4.021698473723226,0.06533476266354678,0
-0.23992527895862503,-1.7799145564605237,1
-4.619742440530686,0.4813269429624227,0
4.089722200502265,0.4723468153542644,2
-0.05225342970557617,-1.8495002896536141,1
3.976836434611119,0.4233768971237254,2
-4.4312243083857155,0.5702868980185472,0
2.133630612641415,1.650181458259625,2
-5.072848769793447,0.3487217908154877,0
-0.6946272475452235,-1.5812968937305962,1
4.069668616808302,0.28123026522655825,2
-0.5752607339982669,-1.3889852140736156,1
3.9852601310754956,0.3806831970071105,2
-0.2576331605260991,-1.4126448670673486,1
4.893943718547826,0.2367185848240657,2
5.3299956878584815,0.21449402000516185,2
5.017213782893677,0.1906930733334589,2
-4.910501692293749,0.7070644205495413,0
3.7682271445769953,0.36787869048606164,2
-0.16352460825416335,0.8419759995857765,0
0.05558526245209483,-1.2927266161859263,1
-0.33173580012728554,-1.9887463067295261,1
4.827347858907112,0.038175593551958195,2
-0.011741126858302253,-1.9675826326871988,1
-0.15573523987757512,-1.6351309107816823,1
-4.433637268755518,0.2640744061535835,0
-4.637607021068697,0.27183726799135205,0
-4.310999367600349,0.24682310011379954,0
-0.18646994293058128,1.9664450963078755,0
-4.23822344906041,0.16262051088530213,0
-0.3977101088979224,-1.8444921660924276,1
5.214406750511396,-0.16667097874899242,2
4.88639680763449,0.49415114968704227,2
4.649406537792277,0.05071174535756105,2
1.0980422168916817,1.7564228755043252,0
-4.2301239267863675,0.09599947199542815,0
4.4487703914128565,0.34919011497725655,2
4.688611222676452,-0.06324761579462858,2
-0.6375225155196061,-2.0470699248665687,1
-4.471263003031265,0.43763074553183207,0
1.4030989868076251,0.8079237346470007,1
4.4482087970560125,-0.06238754992885391,2
4.474064478160479,0.27669454097853347,2
-4.111480430959825,0.23836748171265254,0
0.17056740813704413,-1.4890929796889132,1
-0.1158395790924091,-1.9143045777135184,1
-0.8945011088166104,-1.4450309723329064,1
-4.276506734376112,0.42958649690834444,0
0.4324258688937328,1.8290459203110432,0
-4.535989480308169,0.3620422275351259,0
-4.468580765970707,0.2700732395702471,0
3.915172120515515,0.33002418507592884,2
0.4235897775707309,1.9532918131992245,1
3.7044487968066333,0.3921385996829926,2
-4.805867222641005,0.3159123473766601,0
0.01361563719012815,1.7768129215330892,1
-0.12332418665745055,-1.9705059459969143,1
-0.8781461943214548,-1.5149413984347873,1
-3.689362469045097,0.14435240986534817,0
-0.8037059059628634,-1.0759861154180783,1
-4.57654484624538,0.3866432812949195,0
1.1372744424531496,2.261872483511183,2
-0.5996065840317503,-0.9588569086967236,1
4.285498685123688,0.48948210310870816,2
-4.263224376161281,0.5007680286195693,0
4.305700139805328,0.31163763856993193,2
-0.7114292996982564,-1.5354322558179994,1
0.6198811729290306,1.5420587904373662,0
-4.8555730867858635,0.4634254276233072,0
0.7382116510859318,-1.74540858748255,1
1.5750357299036672,1.3368179650621206,2
4.858988397541033,0.36207031827397623,2
-4.497564683219714,0.4439472093438127,0
-4.225541924034319,0.22376237129739965,0
-4.378338802864598,0.5463302651772395,0
3.891955898351327,0.3306196300019672,2
-0.6135107810190025,-1.8575701159606408,1
4.384554556565293,-0.04612038496038676,2
-0.12548941570749195,-1.6558367117242818,1
-4.566567546265112,0.39335452528132747,0
-4.6714231689861325,0.44116208082990943,0
-4.809332256446453,0.3677101528007587,0
-0.7097157516181284,-1.9967457123532837,1
-0.9845848055894848,-0.8819450575018029,1
4.666977054731932,0.2959299479650846,2
4.636354087527755,0.0741633167812888,2
4.65263589990629,-0.11070394329613954,2
1.9137870053023371,0.8921056071524822,1
-4.330377644071576,0.29083853465438775,0
-4.360819548144574,0.2945673339054058,0
4.335155177439155,0.04447981200990207,2
-1.0194797187340687,-1.0886129305624606,1
2.871585407500941,1.6316521834246784,0
-0.5257334971764379,-1.8677639972851763,1
-3.9917306760966955,0.24125043228262222,0
4.238731399890115,0.29036106236850695,2
-1.2330028631346883,1.6971108027159065,2
-4.854040758100972,0.45480405856735756,0
0.2684822139527382,-1.7822529502353177,1
4.765437009190411,0.20201266578932267,2
4.913493172228829,0.20087064672846425,2
-0.4460414000808309,-1.5380840941620981,1
-4.908963287576718,0.35885920696040347,0
3.879595148442239,0.10431414068296492,2
-0.2496119893999317,-1.2945732683979245,1
4.000171968577648,0.5168299862334285,2
4.335485910769465,0.19684760557992614,2
-0.663948215604033,-1.8812084588407958,1
4.661740983316266,0.2730915965376453,2
4.644570823809918,0.08467022426347266,2
4.274907268697357,0.32194072864723017,2
-0.6983806475177519,1.7436272564795576,1
-0.27428453212142595,-1.1885696512422215,1
4.222324312688954,0.36373448169179506,2
-0.666466160430215,2.0304903795430875,0
0.005748432861167607,-1.7267646170272006,1
-4.613073263652948,0.41644031756804006,0
5.2733275196526765,0.012859652515386278,2
0.40855223863346557,0.5735562154405002,1
-0.5053855442801553,-1.8575660261113267,1
-3.8090819101064968,0.32684296092164816,0
-0.5328741185143724,-1.9745027640443689,1
-0.5770765528725729,-2.068735962921208,1
5.0995354662417824,0.3311568229046015,2
5.292072432203293,0.08202244944559949,2
-5.121441667779562,0.7794835504088535,0
4.565601229638441,0.35762590370765357,2
-0.44051503144617277,-1.39777006532523,1
-4.584233088454553,0.41145862951965023,0
-0.5490916982639855,-1.8533323667750787,1
-4.140552417368454,0.307297018259355,0
-4.450418893410543,0.3120736428043979,0
4.838982062520319,0.06908138919765162,2
-0.6178005133591914,-1.4112918924900302,1
3.833778527430723,0.17621690759882844,2
-4.369306538332625,0.027489519341893937,0
-4.707239314764569,0.2456657833799481,0
-0.6522276148540719,-0.915166070408966,1
0.1646801240836031,-2.0088458593009104,1
-0.6737756288453592,-1.4297741253188796,1
0.40600737867975506,2.314806293892979,2
1.5914410974123694,1.0572630534837353,0
-0.5353274355393168,-1.0751353513771806,1
0.1076066858082072,-2.0944390134337807,1
0.1600736030986225,-1.5956568129235795,1
-1.0901334949943073,-1.4122168769158858,1
-0.9746057809455566,-1.0398175462679267,1
-4.51004942639311,0.3887360197958114,0
0.46522494640211864,1.4041541171175003,1
-0.7938007718761707,-1.7287772697625838,1
-4.837963445826064,0.5105129489225763,0
-0.16822876346330967,-1.5129686501538853,1
-3.993055398007999,0.2719920375152942,0
-4.535657203040053,0.3954443149615638,0
-0.26631137245551095,-1.2035340256873979,1
-0.21976989396857027,-1.9244123197317298,1
-0.5087636035372005,-1.1483559950849096,1
-4.386440202852068,0.5050488688750091,0
0.0951283352281787,-1.585222876814448,1
-0.9604175499103458,2.2257199942473855,1
4.37561508750121,0.42673024713423874,2
5.429371950708282,-0.03776906017764982,2
-4.6073674217770755,0.2681577944248451,0
0.00044803909898205596,1.3335749261375252,2
-4.561099717505449,0.35310699555783925,0
0.42587970856632706,1.1902283082290412,1
4.377735977018204,0.18668256047177623,2
-4.466177212633454,0.3296433114688719,0
-0.7487617796038295,-1.3035043751311441,1
-0.8113335981355942,-1.5415691606591007,1
4.755039127142391,0.4458105097601935,2
-0.4760735742280219,2.0522872218947517,1
-0.5392785330254969,-0.9349843298549207,1
-0.2446186199240315,-1.5170580543325456,1
3.9489711864706507,0.38055906634076875,2
4.616674536094491,0.3640007331289235,2
-4.605974738468533,0.2951705102134415,0
-4.551234802520003,0.31191496710637234,0
0.8458098814195237,0.26477456299731966,0
4.451534331484413,-0.08082896014976103,2
2.3808479953357393,0.5915224860192408,2
-0.28417515246131303,-2.0129865643290663,1
5.172208295899438,-0.06311495470058505,2
4.75869211301925,-0.05705916736581372,2
-4.681817621301928,0.3033581195510537,0
-4.673571599108454,0.2443936346117281,0
-1.0619691334021553,0.3029054168077542,1
-4.903197592531717,0.299609847861767,0
-4.501870195112345,0.3711193587943874,0
2.2467126282231646,1.4397851138305926,1
-0.9376157877091341,1.341236788851522,0
4.836249660727385,0.27906458307762,2
4.204154605852541,0.24054309188713568,2
1.562987887277165,0.9394982287883249,0
4.026113270054017,0.09641740457843213,2
-0.40370951758521423,-1.7904302355469952,1
-4.986704441630904,0.35714940551869906,0
0.21232442504513865,-1.58098317350011,1
0.9011238153055189,1.8768502225900134,2
4.831299161986807,-0.020691220000614224,2
-0.38576519281395505,-1.4399368877002852,1
4.551043252103684,0.44165952460814356,2
-4.028260110886789,0.14696902763574102,0
4.133884640078042,0.5735663292903579,2
-4.290736667854405,0.17706753052398133,0
-4.112730368146863,0.43622139663609083,0
-4.536342859358165,0.46789866161190735,0
-0.3801722393582275,-1.6302025344930906,1
4.678058477060665,0.11764436485672404,2
-0.37255866984970654,-2.1443608590827328,1
-4.543147185751851,0.44315014836453376,0
4.308874411207016,0.2230262065423749,2
4.142353964617184,0.2333335145019454,2
-0.22817039728410432,-1.6172578136553701,1
-0.11538188080669098,-1.497574681118461,1
-0.21040631091840312,-2.0440846670437303,1
-4.869364195923866,0.5049769993245183,0
-0.7160962258754013,2.1891251360736295,0
4.4167832125218185,0.18709725282694678,2
-0.7784953075427967,-1.0617940556049723,1
3.960527639029065,0.5234538795013471,2
4.365282297792372,0.0186261463125369,2
-0.10437409686517457,-2.1038384701223505,1
4.7557893758219425,0.12800295583719498,2
-0.24609578387600686,1.009027376078081,0
2.3998769636642248,-0.08182135515442114,2
-0.10525327714759264,-1.940331147720632,1
4.255213055357743,0.49683080248880057,2
4.91991977636091,-0.06272788876964606,2
-0.22059269681373472,-1.598318985620271,1
4.512764528740526,0.338265612091665,2
-0.4012653468254999,-1.4293404583318239,1
4.383531914341452,0.12817658066437693,2
0.04651375289358095,1.805591710204765,1
0.6963230741134027,0.15846224178518548,0
0.42166190704159895,-1.5685977896083554,1
0.2273809526460126,2.0403785859616517,2
-4.704060508398254,0.3605439112534741,0
-1.162859259869948,-1.5423631075600062,1
4.473781510612984,0.5626603459371378,2
4.4111583017307066,0.19174891894055993,2
-0.35458226562970113,-1.0283757426964615,1
-4.268992601651199,0.1336676832573644,0
4.413203237848952,0.3234683707920313,2
-4.7298547626764655,0.5967219539301483,0
-0.1303227591229742,-1.5197660563365973,1
0.8283445250372543,1.9202997744264634,1
4.2538209859246265,-0.08323527368083694,2
-4.949308150331168,0.5419463174475869,0
-0.8234319988262802,-1.270383417050229,1
4.000897406803286,0.027728207616906853,2
-0.46468709756484416,1.678473676592195,1
-4.369353755714876,0.32149389655763505,0
-4.539865162053118,0.2897045757603232,0
3.881008496929768,0.35611198967838203,2
0.5371721459418866,-1.5479389880178014,1
-1.5705176129014953,1.4367656091126317,2
1.4323241392519737,0.6684221159580372,1
0.14653258091418553,1.9599207280528805,1
-4.452833498159075,0.2951891508900268,0
0.28469166087860565,0.5725421897867121,2
-4.70897185581944,0.29682651938168475,0
0.16546456758546207,-2.0741221174686317,1
-4.585151814905094,0.2818520675949722,0
1.4339456085198716,1.544267231684795,1
4.880697987407704,0.21575856909158667,2
4.684640661077923,0.36068255092218143,2
0.32019099097998616,-1.4485267502891614,1
-0.9238346141730853,-1.5265039677279715,1
4.494563527270352,0.3283719108432978,2
4.0081391587463155,0.04706878599402394,2
0.7721390287332495,1.4239886637818324,1
4.555789919404875,0.08536405251525207,2
-0.6445507331363279,-1.439505219174951,1
5.08757869686996,7.699629020873136e-05,2
0.07924483126430759,-1.8180147873313837,1
4.9994101259156665,-0.23662998484037578,2
4.417737488553353,0.30918884789392714,2
-4.562598207016384,0.48878650352198366,0
0.11112987839327737,0.7123872363552467,0
0.7558756820053928,2.3007707723575916,2
0.5096072877587361,0.6594381262362908,2
-4.4382626491271,0.5052981938819243,0
1.2651803432857402,1.3925221510085315,0
1.1135369898648155,1.3129005418495734,0
0.843796536220302,1.4542299272915042,2
-4.254447069797559,0.39761681958747164,0
-0.08492798684486001,-1.6956575639150362,1
4.833365767829363,0.06833191892011757,2
-0.4083481952287974,1.409051374040813,1
-0.14017681095547124,-0.9215510829095729,1
-4.210500921103497,0.2332117337154175,0
3.8394288824660103,0.4402130242671685,2
5.028149855424125,0.06669692338636371,2
4.641754512120215,0.07824996049952516,2
-0.3502664225035906,-1.5943846604022218,1
-0.1559409403779401,-1.6536571637148731,1
4.482742883089768,0.12168297760156614,2
1.543394245156017,1.928163631458387,0
-4.648222825537118,0.6458347061112643,0
3.8649094466736376,0.28710132224492607,2
1.5840710056245155,0.8434497529351083,0
3.773944890348403,0.1354415914189485,2
-4.116808016422555,0.1520441370396782,0
-0.10958132568041508,-1.5813997856564703,1
-0.008562969510368001,-2.125842984220839,1
-0.3399846646033987,-1.7878608631679733,1
4.858489096378121,-0.19768467232652864,2
-4.451180603435116,0.42255377092223395,0
0.07400390285670772,-2.0973245915810383,1
4.491210097171419,0.16908333175076112,2
0.6576002341991664,1.3235686434413045,0
-0.22017383811875613,-0.9895764289571982,1
-0.6522214955291907,-1.8667598486044263,1
-4.160195463941047,0.14514961845709398,0
-0.40716403333560053,-1.1796646671568158,1
-4.61493583218188,0.6295492355666603,0
4.916069577969456,0.15970329356847993,2
-5.119024839722419,0.7305143966398023,0
-0.17447885316041686,-1.6854284668651376,1
0.007473801167675029,1.3440911746034452,1
0.12342838511202767,1.935866495289258,2
3.9184104188468476,0.36282527113160806,2
-4.71445737706362,0.4765315597663729,0
-4.838765099006684,0.6280376563116178,0
-0.26257837992088673,2.0157535004508933,1
-4.737667528511578,0.5275850282809058,0
-0.8449932928707339,-1.074204515902966,1
1.524525742448253,1.2039873209761176,2
-4.306610021805854,0.11740894946353915,0
-5.094326916961875,0.6967104309692438,0
4.904509929526479,0.3196059705967688,2
-0.8305044393685871,-0.9894656731444513,1
-4.495280615238367,0.5503071487617236,0
-4.296634552674739,0.29884814065796533,0
4.3165925467677155,-0.03838177819176124,2
4.775312141993734,0.09408077106574624,2
-4.429441458880648,0.3698711446671332,0
-4.475138226258586,0.38484351746657236,0
5.199607505843652,0.045367016212641484,2
4.879579957610394,0.4297187636556407,2
-4.768695243222918,0.24892583468485363,0
4.5569634958720755,0.24051918656660437,2
0.14766249656012317,-1.3363582197816797,1
0.16556822919060432,0.638518051702356,0
4.431160593370031,0.24412517260067382,2
0.49060391829023264,-1.6588670967867505,1
-0.14246814775044708,-1.449081136912147,1
-0.675705877973821,1.5097230024440025,1
4.010321749513536,0.2338782058511402,2
4.539862012882725,0.6182622172741266,2
0.08331450137820262,1.1321649591591474,1
4.343139275042687,0.23452944167046655,2
4.519606333457748,0.1696983523539105,2
-1.0895510493597624,0.8981330118982791,0
-1.194139284516051,-1.4277153812860661,1
-4.401505824132589,0.3040982275231862,0
-0.22588477891068423,-1.9121661100280078,1
4.140666612554673,0.20333486095313513,2
4.557844283867485,0.2744499315714713,2
-4.363876686233551,0.2379969697322424,0
-0.5183758232290697,-1.9480354196087108,1
1.1361303730976717,2.6207425227625354,0
-0.021942713965218685,1.2585660086331139,0
4.499688584941701,0.04167050006679533,2
0.10881624763061581,1.525706440216088,1
-4.432115671106585,0.40189135203690823,0
4.082213707045168,0.4969807837784722,2
-4.158547707383205,0.2377741337560952,0
4.851920852836792,0.09362895312004658,2
4.147777557250317,0.4890880399208576,2
-4.268213888347894,0.30933746867967354,0
-0.5457950402965845,-1.706329041181647,1
0.8776480992709443,1.4012709551840756,0
0.8875707264833047,0.7396089335301537,1
-0.1766539385517323,-1.9373828088758431,1
3.9397794217272146,0.3212790803680299,2
4.7594209242066725,-0.08284185553924613,2
-0.48856800345758883,-1.2377085461421542,1
-0.3201441815232183,-1.6941316195254674,1
-4.646745725015723,0.49184666312764974,0
-0.01367488349942425,1.327515269018454,2
-4.028362695274212,0.3271817492425684,0
-0.21976630833126268,2.566221979531475,2
-4.2346171952161695,0.30540693415396497,0
-3.4487287053894553,0.13011437079579716,0
4.369156073821414,-0.02132995733991384,2
4.59269585302006,-0.2831991700935472,2
4.46242328394778,0.332285190318477,2
4.7017852911132545,-0.03148994245341964,2
0.7130420589984251,0.41382463844960266,2
-4.680092097088821,0.379753748334306,0
-4.303489516705674,0.5170112852306161,0
-4.690884919954637,0.6147574251686152,0
-4.347241639682653,0.22675202192635655,0
4.279316396208713,0.27435684181727177,2
-4.464436168558129,0.5067476837810098,0
4.437682076454265,0.06833791014725209,2
-4.702806223266903,0.5803802493175865,0
0.7449462339348947,1.6182314537864981,2
4.67796639818876,0.18848366555744048,2
-4.168562187872558,0.3291617000925488,0
4.4207746302631135,0.042624893259837524,2
0.6411653026903097,-1.6037772454455972,1
4.03186588222413,0.13545908924710745,2
-4.69929928892145,0.3358012064385176,0
-0.7375124360643563,-1.402788793915144,1
-5.068863193613012,0.5912269104287472,0
-4.85517252865122,0.5846159451073474,0
-4.679122636671657,0.4064898889886104,0
0.027125581246434577,-1.1209240309993431,1
-4.397419139019938,0.17939996814335,0
-4.187895233865593,0.12947151360899534,0
-0.35142611157535913,-1.5907102991351467,1
-0.8309446047779682,-1.047515266035526,1
-0.10524260297592244,-2.142877667549171,1
1.2954180059619747,1.5754058906548187,0
-3.9215927169067415,-0.04484984130100231,0
-5.0105402947815785,0.7373236798914,0
-1.2565418729923967,1.6520619290138716,0
4.692900145999436,0.17672453438374494,2
-4.435253167309449,0.3112311009616272,0
-0.8595085360372325,2.12363442883158,2
-1.9735619417002936,2.9777745259672717,0
0.1160368190803936,-1.6715914204436528,1
-0.12639460016230364,-1.8677816952205237,1
3.2441532072576287,0.23140461178530944,2
-3.812098881192732,0.3654944787293592,0
-4.172105739724763,0.3726079463124953,0
-4.2462709058508485,0.1613904348967698,0
-4.828846274908386,0.6150741129260089,0
-0.34008697117453934,-1.1959512739030256,1
1.563050045558186,0.356255063100173,1
1.3462777881618753,0.6899813346523117,0
-0.2559508468496281,-1.586989091866921,1
1.4514252221717465,1.5145300079144326,2
4.648198121973203,0.13871744905446245,2
-0.8475922602412016,-1.734156633754822,1
4.995212668854844,0.2862595770999881,2
0.4685175776964846,1.3323682499355634,1
-4.479039152346765,0.4602561958986451,0
4.307440928611912,0.05261262367441487,2
1.3834357479655341,1.3598907738081496,2
1.9938188294812476,1.3032496164767642,1
0.04621145906715457,-1.6054802934269174,1
4.501930605368179,0.14456971768764465,2
3.288083508262515,0.11129616009067035,0
-4.489906093820665,0.3616310978088481,0
-4.293990575582775,0.29745634819354866,0
3.897890498018782,0.3662644539338708,2
-0.2651981855298484,-1.921702089181461,1
-4.843406630390811,0.4649639800795608,0
4.433019669671012,0.2079954720485738,2
3.6639420137446246,0.4260651744732565,2
1.2810563885736195,2.1893285860849607,0
-0.2862950224371412,-1.2141717868470394,1
0.5295052374223179,1.600170257984276,1
0.017756509737614,-1.1012114514643785,1
-4.860302497067769,0.6422839291773097,0
-4.446778714043373,0.41764624425854346,0
-4.034640877141833,0.08242309579106073,0
-4.3110312112693885,0.3351002235263532,0
-4.147854384501508,0.4106711571130387,0
4.230434847130491,-0.13428172834365104,2
4.865695013484654,0.27803709597011056,2
4.421194072988537,0.46167006201190747,2
1.0056483193808088,2.0333767993377863,2
0.630744472789302,1.02061186881046,2
-0.683138032429415,-0.7541711793342235,1
1.6946718746628302,0.8433377731989713,0
-4.828894960350826,0.6435260861817553,0
-0.26732779607777635,1.1658859689685248,0
-0.8724562769604958,-0.9439359971424739,1
2.45337956848467,1.3426609463332624,1
4.566105022506944,0.22430800886145083,2
-0.4878715283839693,2.405681972332328,0
0.02936897286119214,-1.963789675405986,1
-0.5339644106479322,-1.4764439894893506,1
1.6696360187854118,1.7257769988688785,0
4.822994046578987,0.15815522128060477,2
3.762188633815507,0.39087165543298724,2
-4.500009666827785,0.4059917203917836,0
-0.38836750167032996,-1.995945014348551,1
-4.17239348809486,0.34185514897837754,0
0.13809617080827122,-1.6127992756804617,1
2.0321816911789314,0.639461363807967,2
-4.966945543422449,0.6657751383848856,0
-4.687315484102028,0.2799838034454697,0
5.0993543041046845,0.12585332305972094,2
4.048270948753618,0.7059754001293381,2
-4.335730465759575,0.23361294375365935,0
-4.353142330768598,0.350820473758784,0
0.3554760395031623,1.4204058722582222,0
-0.6260960826025322,-0.8529862033200981,1
1.90824672703276,1.0237963732819715,0
-5.085086737906927,0.4141077698301788,0
4.652328683814341,-0.015460878687224743,2
4.092334057128433,0.2822369589093125,2
4.669322564408196,-0.04216062677518427,2
-4.565372576395379,0.718356947874987,0
-4.557859455431489,0.3439527697987742,0
-0.18453623545671116,-1.9073762999735417,1
-4.831183669284637,0.47866146503936263,0
-0.981715957491577,1.6883358768182908,0
-0.19573850402038073,-1.132758226481833,1
-0.6476983917858037,-1.8392553576368535,1
2.0409974600069907,1.2024813554906724,1
4.661371710377454,0.09193996625264213,2
4.613378343361646,0.22596830081564157,2
-4.503761516638383,0.48158506790052474,0
1.7361739384164074,1.429886101025069,1
4.990703226122978,-0.21070241384127428,2
-0.7345257716395935,-1.4440244245744762,1
-5.088840583942218,0.34583527865878827,0
-4.194295591470951,0.1257375724846935,0
4.250811594771566,0.02261667900798713,2
4.318044709172666,0.49231483982815855,2
-0.8343553357231988,-1.3127565684476088,1
0.015867096510302353,-2.129341732191121,1
0.47707775689740817,2.550389891128133,1
1.0434145582766026,1.633894897691912,2
4.228978039397429,-0.21553863267880524,2
-0.158424452198947,-1.5527103422929651,1
-0.007234496409304569,-1.3447630844763405,1
5.089439500073809,-0.009174359823329713,2
-4.604730271474509,0.5688531250899365,0
4.904397870790727,0.2718091923718003,2
-0.3716809198083879,-1.5886028282028681,1
-4.472034916473074,0.40591794627179667,0
-4.726073273607765,0.47076029384389434,0
-1.0709601440676526,-1.4918683170833242,1
-4.352760893378245,0.44851749952359504,0
4.320082456887891,-0.1155581286901982,2
4.015156057328306,0.4747088866639971,2
-4.414697964976991,0.3357537107913611,0
-4.47067101290954,0.4117834491190114,0
-5.249335730289916,0.6262961877324247,0
-4.453631599660589,0.2934985552403727,0
-0.22774982368522373,-1.9701045655695557,1
0.10880258503444742,0.8105240877265637,2
-0.7607371858320175,1.8937678529251816,0
-4.380900941292252,0.31098463840490564,0
3.930012197831264,-0.02198574832003689,2
4.507876728696927,0.3862982410513552,2
-4.2429738604275204,0.3660666851494197,0
5.255500830207856,0.13848467088254318,2
-0.8174856399067171,1.620108685402991,2
-0.4860987172184748,-1.490568274238358,1
-0.062467027177341844,-1.53610051400544,1
0.027166560213614604,-2.0667913930825446,1
-0.3019148656964381,-1.5406547508636104,1
4.1951578180265,0.11126574284074726,2
-0.9183164971177851,-1.5214698385853858,1
3.989022383326093,0.1721638070403702,2
0.06667068356565542,1.9704829389172231,0
4.19257148143218,0.49108485594780055,2
-0.6124829410851129,-1.0340918343990655,1
-4.355122709487215,0.2842595921158326,0
-0.8894863409259175,-1.551246733558464,1
4.893859809430022,0.20534347267445238,2
4.433702486432855,-0.02061472201987814,2
1.9353441284091926,1.2552303129421178,0
-0.6953444522218981,-1.484552862745364,1
2.4893938228298813,0.7877671416645715,1
-4.843479569563078,0.35816818144440177,0
-4.537141875206937,0.13003175264178388,0
-0.7558343356883395,-1.1663150789558023,1
-0.26830771793436714,-1.777642334136646,1
4.5192772593055395,0.5629624172686173,2
-0.6999521194993095,-1.5817738829158534,1
0.5963057155546939,1.0071218459349034,1
1.5252178628399007,1.3814490204967498,2
-4.844052578223808,0.6130897850012361,0
4.4308280291769435,0.4060158109333804,2
-5.195676144046816,0.5355932008761467,0
-0.2972701389167995,-1.2941746628864261,1
-1.3393155150878249,1.7425183709190537,2
-0.4117939186280979,-1.027780429813737,1
-0.7545339770076859,-0.898526254638931,1
4.632813069428015,-0.054586003466663216,2
4.610136215640114,0.18315226434961318,2
4.660895437978255,0.32588068237429996,2
-0.23595918521295087,-1.7224784034968095,1
5.041502041374265,-0.009025504645914017,2
-0.8609960627086725,1.4585253671485852,2
-3.914273962228388,0.36290116005852874,0
-4.457706872934516,0.418921869141537,0
-0.014749440113724144,-1.3649907529015923,1
-4.746235242151676,0.6070785526526744,0
-4.129873220748351,0.11925428496583909,0
-0.46357449330187106,-1.9164870996179078,1
3.6874007381094707,0.46486919498297813,2
4.132115601843155,0.35607291089068954,2
-4.522586997334351,0.5301494832654663,0
-4.7753424461690575,0.5502931931005515,0
4.249328572675726,0.2485937693400436,2
0.034081589458584804,1.5330552662692072,2
-4.434479280821562,0.5750074181202225,0
-0.8986876897841586,-1.6210327215273392,1
0.13063855894464665,-1.6709463650984386,1
-1.1671955844770932,-1.4312244271407188,1
4.9590081498428615,-0.13905943006507782,2
-0.32002750770166216,1.9733178867151278,2
4.159540325798826,0.21887493149929416,2
3.588199716400725,0.47399237628129903,2
-4.351297641102725,0.1340863611339017,0
0.9365049407664618,0.6361342660731423,2
