Model,Total High Students,Correctly Caught,Missed as Medium,Missed as Low (Critical),Total Misses,High Miss Rate (%),Recall High
Decision Tree,74,60,6,8,14,18.91891891891892,0.8108108108108109
K-Means,74,61,13,0,13,17.56756756756757,0.8243243243243243
Gradient Boosting,74,64,5,5,10,13.513513513513514,0.8648648648648649
Random Forest,74,65,6,3,9,12.162162162162163,0.8783783783783784
Logistic Regression,74,67,0,7,7,9.45945945945946,0.9054054054054054
KNN,74,67,4,3,7,9.45945945945946,0.9054054054054054
LDA,74,68,0,6,6,8.108108108108109,0.918918918918919
Extra Trees,74,69,2,3,5,6.756756756756757,0.9324324324324325
QDA,74,69,2,3,5,6.756756756756757,0.9324324324324325
SVM,74,70,0,4,4,5.405405405405405,0.9459459459459459
Naive Bayes,74,72,0,2,2,2.7027027027027026,0.972972972972973
MLP,74,72,0,2,2,2.7027027027027026,0.972972972972973
