Model,Final model,Features,Correct,Test acc,Acc 95% CI low,Acc 95% CI high,Macro-F1,Macro-precision,Recall Low,Recall Medium,Recall High,High->Low errors,Low->High errors,CV acc mean,CV acc std,Average Rank,Composite Score (0-100)
MLP,Tuned (PCA),pca,198,0.9,0.853238798945531,0.933031492188914,0.901646512263442,0.9131313131313131,0.8378378378378378,0.8888888888888888,0.972972972972973,2,12,0.8863636363636364,0.022727272727272742,1.8,100.0
Naive Bayes,Tuned,anova_top10,197,0.8954545454545455,0.8480142053506919,0.9293211961117708,0.8975681070402669,0.911911231884058,0.8243243243243243,0.8888888888888888,0.972972972972973,2,13,0.8886363636363637,0.028203803740888298,2.0,97.72727272727273
QDA,Tuned,anova_top10,199,0.9045454545454545,0.8584869509131916,0.9367182298932357,0.9056476432272612,0.9098165894609983,0.8648648648648649,0.9166666666666666,0.9324324324324325,3,10,0.8829545454545455,0.02479252753326298,2.8,88.63636363636364
KNN,Tuned,anova_top10,196,0.8909090909090909,0.8428118771953499,0.9255886345951303,0.8905644755718605,0.8935999931669484,0.8243243243243243,0.9444444444444444,0.9054054054054054,3,6,0.8852272727272729,0.02993622698254431,5.2,61.36363636363635
SVM,Untuned (default rbf),pca,197,0.8954545454545455,0.8480142053506919,0.9293211961117708,0.8972868563661401,0.905880393136765,0.8513513513513513,0.8888888888888888,0.9459459459459459,4,11,0.8704545454545455,0.025763145565351444,5.8,54.54545454545454
Extra Trees,Tuned,anova_top10,195,0.8863636363636364,0.8376306485493717,0.9218349735691264,0.887112971777765,0.8926787052106745,0.8243243243243243,0.9027777777777778,0.9324324324324325,3,11,0.8784090909090908,0.03206076359014973,6.0,52.27272727272727
LDA,Tuned,anova_top10,196,0.8909090909090909,0.8428118771953499,0.9255886345951303,0.8927222693748412,0.8986631457336194,0.8648648648648649,0.8888888888888888,0.918918918918919,6,10,0.8818181818181816,0.023121579487927053,6.2,49.999999999999986
Logistic Regression,Tuned,anova_top10,196,0.8909090909090909,0.8428118771953499,0.9255886345951303,0.8923065536498154,0.8962606837606838,0.8783783783783784,0.8888888888888888,0.9054054054054054,7,8,0.8715909090909092,0.0316554279026912,7.6,34.09090909090908
Random Forest,Tuned,rf_top10,195,0.8863636363636364,0.8376306485493717,0.9218349735691264,0.8864708727326734,0.8889260505546166,0.8513513513513513,0.9305555555555556,0.8783783783783784,3,5,0.8738636363636363,0.03242123322201615,7.6,34.09090909090908
Gradient Boosting,Tuned (PCA),pca,195,0.8863636363636364,0.8376306485493717,0.9218349735691264,0.8862766876465505,0.8863863863863863,0.9054054054054054,0.8888888888888888,0.8648648648648649,5,2,0.871590909090909,0.02797394005702539,9.4,13.636363636363624
K-Means,Tuned (unsupervised),anova_top10,188,0.8545454545454545,0.8018749135807679,0.8950464808338536,0.8570700955236502,0.8741050627120988,0.8108108108108109,0.9305555555555556,0.8243243243243243,0,2,0.8545454545454545,,9.6,11.363636363636353
Decision Tree,Tuned (PCA),pca,194,0.8818181818181818,0.8324694636569688,0.918061268789547,0.8816361915568637,0.8866702741702742,0.9054054054054054,0.9305555555555556,0.8108108108108109,8,0,0.875,0.03985381344715949,10.6,0.0
